contato,name
,"Sousa, Igor de Sá"
,"Lima, Igor Conrado Alves de"
,"Santos, Wellington Manoel dos"
,"Fonseca, Lucas Santana da"
,"Silva, Elizabete Cristina Araújo"
,"Silva, Eliane Nunes da"
,"Silva, Daniella Carvalho da "
,"Matias, Vanessa Danielle da Silva"
,"Francisco, Leilane Camila Ferreira de Lima"
,"Santos, Fabiana Barauna"
,"Soares, Imaculada Pereira"
,"Bezerra, Reudson Douglas"
,"Lima, Elis Mayara Messias de"
,"Araújo, Juliana Amaral de Almeida"
,"Silva, Fernanda Pinto da"
,"Magalhães, Bárbara D'Jeslley"
,"Oliveira, Lisiane Vital de "
,"Silva, Italo Henrique de Lisboa"
,"Ferreira, Edcherly Brito"
,"Albuquerque, Pedro Henrique Neves"
,"Caetano, Roberta de Almeida"
,"Oliveira, Igor César Silva de "
,"Caetano, Thamyres Vieira"
,"Lima, Laís Cardoso de "
,"Vilela, Gilberto Silva"
,"Almeida, Rafael Gomes"
,"Farias, Sylveneide dos Santos"
,"Amorim, Adriana Silva de"
,"Cerqueira, Daniel César Oliveira de"
,"Silva, Bruna Marques da"
,"Pessoa, Avanielle Kívia de Albuquerque "
,"Santos, Tamyres Lopes dos"
,"Rodrigues, Mariana Lins"
,"Santos, Carlos Italo Brito"
,"Bruno, Mirelli Karlla da Silva Sousa"
,"Souza, Wellyson Magalhães"
,"Santos, Adegmar Valentim dos "
,"Rocha, Maria Juliete Souza "
,"Melo, Edmara Ramos"
,"Farias, Werlânya Maria de"
,"Santos, Ana Claudia Oliveira dos "
,"Barbosa, Rodolfo José Moura"
,"Oliveira, Sueli Maria"
,"Silva, Ananery dos Santos"
,"Martins, André Oliveira"
,"Pacheco, Antônio Carlos Pereira"
,"Batista, Liliane Oliveira"
,"Ribeiro Júnior, Wellington"
,"COSTA, Macário Peixoto Loureiro da"
,"HOLANDA, Sávio Ruan Correia"
,"Silva, Janicleia Pereira Muniz"
,"CALHEIROS, Maria Aline da Silva"
,"VIEIRA, Ítalo Ronaldo da Silva"
,"Santos, Ana Trindade dos"
,"SANTOS, Daniel Oliveira"
,"Santos, Josivaldo Farias"
,"COLLADO, Raquel do Carmo de Araújo"
,"COSTA, Jadson Almeida"
,"Araújo, Jésika da Silva"
,"Delfino, Dalvan dos Santos"
,"Silva, Thafareu Raul Rocha da"
,"Melo, Anderson Carlos Valentino "
,"Silva, Douglas Ayala Ferreira da"
,"Santos, Erinaldo da Silva"
,"Santos, Anderson Martins dos "
,"Santos, Josivânia Soares dos "
,"Pereira, Luciana de Farias "
,"Sousa, Fernada Danielle de"
,"Wanderley, Alinne Diana Pinho "
,"Oliveira, Thacyanne Ferreira de "
,"Conceição, Josile Maria da "
," Machado, Hérica Luana dos Santos"
,"Lira, José Robson Floriano de "
,"Nascimento, Nilton Lima do "
," Santos, Joilma Kênya da Silva"
,"Santos, Claudevânia Maria dos "
,"Silva, José Nivaldo Araújo da "
,"Silva, Jéssica Jeniffer de Lisbôa "
,"Marques, Isis Silva "
," Silva, Leydiane Pereira da"
,"Braga, Gabriele Paiva"
,"Santos, José Luiz Araujo"
,"Costa, Hélio Santos"
,"Silva, Douglas Alberto de Oliveira"
,"Costa, Aline Bezerra da"
,"Pinheiro, Flaviany Rodrigues"
,"Santos, Daniella Pereira dos"
,"Souza, Paula Valéria Gomes "
,"Barbosa, Mayara Rodrigues "
,"Santos, Ana Caroline Melo dos"
,"Soares, Luciano Bertulino"
,"Silva, João Paulo Omena"
,"Ferreira, Zennon Barbosa"
,"Piancó Júnior, Marcus Aurélio Cordeiro"
,"Alves, Henrique Ferreira"
,"Faustino, Gustavo José Oliveira"
,"Silva, Erismark Ananias da"
,"Silva, Rozângela Soares"
,"Santos, Demitry Messias"
,"Silva, Paulo Luiz da"
,"Silva, Felipe José Santos da "
,"Anjos, Renato Lira dos"
,"Santos, Simone Maria dos"
,"Rodrigues, Maria Juciara Silva Teles"
,"Melo, Silvia Maria de"
,"Dules, Thamires de Albuquerque"
,"Martins, Carla Maria Correia"
,"Almeida, Anailton Carlos Alves de"
,"Rocha, Dayvid Danilo Alves da "
,"Leal, Jefferson Moura "
,"Rocha, Antonio Márcio Souza"
,"Nunes, Deysiane Maria Souza"
,"Alves, Allan Martins"
,"Silva, Aguimario Pimentel"
,"Silva, Francisco de Assis Nunes da "
,"Alécio, Camilla Cavalcante"
,"Silva, Lennon Kledson dos Santos "
,"Santos, Eduardo Francisco Barbosa dos"
,"Barbosa, Johnatan Domingos"
,"Pereira, Allyne Keyth Alves"
,"Santos, Kledson Mendes dos"
,"Araújo, Vanessa Maria Ferro"
,"Barbosa, Wemerson Saulo da Silva"
,"Barros, Alaide Thayse de Oliveira"
,"Silva, Lucas Donato"
,"Santos, Jônatas Vieira"
,"Jesus, Rodolfo José Nascimento de "
,"Sousa, Dhoone Menezes de"
,"Santos, Michaelle Josefa"
,"Silva, Thayse Valéria e"
,"Silva, Geicilayne Tavares"
,"Guimarães, Mony Cely Oliveira"
,"Brito, Kaio Henrique Alves de"
,"Silva, Maria Cristina Lima da "
,"Santos, Cleonoura Barros dos"
,"Dantas, Rafaela Araújo"
,"Silva, Maria José Ribeiro "
,"Santos, Lucréssia Medeiros dos"
,"Silva, Ana Cristina Tenório da "
,"Santos, Elenilda da Silva"
,"Moura, Joseja Helena de Souza"
,"Silva, Karinne Rosy Freire da"
,"ALEXANDRE, André Luiz Alves"
,"NASCIMENTO, Marcela Alves do"
,"Veras, Sillas Barros "
,"Paula, Edie Charles Barbosa de "
,"Melo, Leandro de Araújo"
,"Silva, Kélvia Marques da "
,"Santos, Rafael Nascimento dos "
,"Santos, Aleandro da Silva"
,"Rocha, José Carlos Barboza "
,"Mota, José Valderir Silva"
,"Silva, Thiago Alexandre Araújo"
,"Rocha Neto, Shayanne Karla"
,"Lima, Mateus Gomes"
,"Silva, Lyzandra Marthyelly Cavalcante"
,"Magalhães, Juliana Carla de Araújo"
,"Gomes, Igor Stteffanyo Corrêa"
,"Nunes, Manuela Christine da Silva Leite"
,"Lima, Mikaelle Pereira"
,"Queiroz Filho, Ayrton Carvalho de"
,"Gonçalves, João dos Santos"
,"Barroso, Geovanny Soares Pauferro"
,"Oliveira, Eddpo Brunno Corrêa de"
,"Farias, Paulo Henrique Tavares Santos "
,"Santos, Gilson José da Silva "
,"Rocha, Alex Oliveira "
,"Silva, Izabel Ferreira "
,"Ferro, Cícero Costa "
,"Dias, Lucimara "
,"Silva, Ana Paula Pereira de Oliveira "
,"Silva, Alberto Morais"
,"Carmo, Vanessa Silva do"
,"SILVA, Leonardo Alves"
,"Rocha, Edja Lopes"
,"Silva, Keity Maria Nogueira da"
,"Santos, Nadja Souza dos "
,"Santos, Josineide Cerqueira "
,"Farias, Josefa Silania Pinheiro de"
,"Lima, Maria Elica Albuquerque de"
,"Santos, Josué Filipe Braz dos "
,"Oliveira, Wellington Klebson de Melo"
,"Silva, Iorgama Porcely dos Santos"
,"Cavalcante, David Welson Soares"
,"Santos, Elâine Cristina Pereira dos "
,"Oliveira, Lisandra Paola Santos de"
,"Santos, Leisiane Lívia da Silva"
,"Silva, Gildo Mendes da "
,"SANTOS, Maria de Fátima Vieira dos"
,"SILVA, Phillippe Rocha da"
,"BARROS, Alayse Thayane de Oliveira"
,"MOURA, Jônatas David Silva de"
,"SANTOS, Maria Vanda Costa"
,"CAVALCANTE, Allinne Cristiny Goes"
,"SANTOS, Érica Cristhiane Juvino"
,"SOARES, Fernanda Bezerra"
,"SILVA, Gilda Marcolino da"
,"AGRA, Juliana Figueirôa"
,"Rodrigues, Rogerio Santos"
,"Santos, Saymon Acchile"
,"Santana, Jackeline Terto da Silva"
,"Souza, José Rogério de"
,"Garcia, Davi de Sousa"
,"Costa, Filipe Emanuel Silva"
,"Lima, Maria Edilene da Silva"
,"Silva, Valdeci Alves da"
,"Silva, Jéssica Naiana"
,"SAntos, Felipe Alexandre dos"
,"Santos, Jéssyka Emmanuelly Silva dos"
,"Silva, Paulo Soares  da"
,"Santos, João Paulo Tenório da Silva"
,"Silva, Holange dos Santos"
,"Ramalho, Maria Cremilda de Souza"
,"França, Felipe da Rocha"
,"Silva, Jair Souza da"
,"Medeiros, Clédson de Oliveira"
,"Alcântara Júnior, José Pedro Fernandes de"
,"Silva, Tamires Ferreira da "
,"Melo, Hinephanya Silva"
,"Pereira, Neudes Ferreira"
,"OLIVEIRA, Elton Luís Ritir"
,"Moreira, Alex Devyson Sampaio Ferro"
,"Valério, José Alisson Oliveira"
,"Santos, Mônny KAtyelle Fernandes"
,"Silva, Maria Aparecida da"
,"Silva, Amanda Gomes da "
,"Silva, Rosana Gomes da "
,"Santos, Daniele Silva dos"
,"Cavalcante, Jéssica Pâmela Melo"
,"Santana, Michele da Silva"
,"Santos, Olga Farias"
,"Farias, Kleverton Diogo Costa de "
,"Nunes, Emanuelly Torres"
,"Marinho, Cristiano de Souza"
,"Oliveira, Tatiane Ribeiro de"
,"Silva, Victor Eduardo Buarque do Nascimento"
,"Rocha, Gleice Karlly Melo da"
,"Santos, Adryelly Martins dos"
,"Silva, Maria Barbosa da"
,"Crus, Alex Ferreira da"
,"Silva, Marciana Maria da"
,"OLIVEIRA, Clodoaldo da Silva"
,"LIMA, Rosângela Silva de"
,"Melo, Pedro Henrique Ferreira de"
,"Costa, Rony de Holanda"
,"DANTAS, Ana Paula Araújo"
,"Lima, Dayse Sharlene Pereira de"
,"Ramos, Cledson Moura"
,"Silva, Emanuel Franco Ramos"
,"Santos, Priscilla Karlla Brabosa dos"
,"ROCHA, Fernanda Pinheiro"
,"Reis, Solange Santos; Santos, Fabiana Menezes dos. "
,"Lira, Janiely dos Santos"
,"SANTOS, Iara de França"
,"Reis, Geuan Pereira "
,"BRITO, Raul Santos"
,"Brito Júnior,  Felizardo Carneiro"
,"GARCIA, João Paulo dos Santos"
,"Cavalcante, Gilson"
,"Silva, Lucas Magalhães"
,"Silva, Vitória Regina Rodrigues "
,"Barros, Williane Santos"
,"Romão, Mário Madielson Varjão"
,"Santos, Claudia Mayara dos"
,"Almeida, Veruska Fernanda Ferreira de"
,"Silva, Ricardo Barros"
,"Nunes, Viviane Pereira da Silva "
,"Silva, Cristiano Marinho da"
,"Oliveira, Neilde Pereira de"
,"Silva, Renata Rodrigues da"
,"Dantas, Maria Fabiana"
,"Santos, Josuel dos"
,"Silva, Tais Barbosa da"
,"Silva, José Fábio dos Santos"
,"Lima, Márcia Natany da Silva"
,"Silva, Noel de Oliveira"
,"Almeida Júnior, Ezequiel Lima de"
,"Paula, Ana Marta Torres de"
,"Silva, Nerijane Menezes da"
,"Silva, José Jadielmo da"
,"Alves, Josenilton Bispo"
,"Santos, Samara dos "
,"Santos, João Lourenço dos"
,"Silva, Juliano de Albuquerque "
,"Souza, Namíbia Oliveira Balbino de"
,"SANTOS, Jéssica Lourenço de Sá"
,"MACEDO, Marcone Antônio Ciriaco "
,"Melo, Aryane Rocha de"
,"Carmo, Paula Rafaela Nunes do"
,"Maurício, Jane Carla"
,"Pereira, Antônio Júnior Negrão"
,"Lima, Gustavo Phillipe Rocha de "
,"Ramos, Maciel de Oliveira"
,"Santos, Roberta Dayanne de Oliveira"
,"Lira, Karla Regina Barbosa de"
,"Nunes, Gilmar Ferreira"
,"Santos, José Jackson Santana"
,"Ferreira, Débora Santos "
,"Santos, Carla Patrícia da Silva"
,"Martins, Yago Beserra Marinho"
,"Cavalcante, Kelysse Donato "
,"Barbosa, Mayara Deyse Freire"
,"Barbosa, Maria Aline Alves"
,"Oliveira, Aderllane Yahsminne Rodrigues de"
,"Santos, Maylla Bárbara Almeida"
,"Leite, Dayse Barbosa"
,"Silva, Gilmara Vanessa Ribeiro"
,"Januário, Jéssyka Karen Campos"
,"Ferro, Gicilene Cavalcante"
,"Araujo, Thayná Maria de Oliveira"
,"Silva, Bárbara Katrine Gomes da "
,"Oliveira, Laryssa Silva"
,"Almeida, Marcielle Barbosa de "
,"Santos, Natanna Weslane Ferreira dos"
,"Silva, Ana Clarisse Freire da "
,"Silva, Dalha Maria dos Santos"
,"Lima, Ítalo Ivan Pereira de"
,"Silva, Lucas Kayzan Barbosa da"
,"Ferro, Jaqueline dos Santos "
,"Silva, Juliana Barbosa da"
,Vinicius Gomes Barros
,"Ferro, Leilane Ferreira"
,"Oliveira, Jacyara Silva"
,"Barbosa, Rayza Krys Rodrigues de Souza"
,"Silva, Sheilla da Rocha da"
,"Silva, Maria Cícera Santos da"
,"Freitas, Vitória Gabrielle Vasconcelos de"
,"Galindo, Phillipe Vieira"
,"Fialho, Gianinni Alves"
,"Silva, Widis Pinheiro da"
,"Santos, Maxwel Gomes dos"
,"Davi, Angélica Santos"
,"Santos, Eliane dias dos"
,"Santos, Cícera da Silva"
,"Nunes, Jairo Silva"
,"Santos, Lucas Clemente Ferreira dos"
,"Santos, Wanderlúcia Santana"
,"Silva, José Edinaldo Vitório da"
,"Santos, Dayana Gustavya Batista dos"
,"Santos Júnior, Genivaldo Damasceno"
,"Ferro, Flávia de Araújo"
,"Rocha, Paola Regina Rodrigues da"
,"Silva, Ysllan Freire da"
,"Bastos, Arley Meirelle dos Santos "
,"Ferreira, Dayna Alves"
,"Magalhães, Kleberton Carlos Silva"
,"Matias, Thiago Alisson da Silva"
,"Silva, Bruno de Cerqueira"
,"Ferreira, Leyciane Costa"
,"Santos, Ilza Tenório Cavalcante"
,"Vieira, Janielma Karine dos Santos"
,"Santos, Joelma Letícia dos"
,"Praxedes, Jacqueline Maria de Oliveira "
,"Araujo, Amilson"
,"Santos, Alexssandro Araújo"
,"Ricardo Netto, Karlos Albertto"
,"Nascimento, Allen Deyjan da Silva"
,"Ferreira Neto, Marcos José "
,"Carvalho, Eduardo Rodrigues de"
,"Nascimento, Thiago Lins do"
,"Souza, Célia Barros de"
,"Silva, Elisangela Freitas da"
,"Almeida, Lívia Karlla Alves de"
,"Costa, Flankya Talwany Barbosa "
,"Barbosa, Leandro"
,"Cavalcante, Sharllisson Wevinne Mota "
,"Santos, Vagner Vieira dos"
,"Santos, José Gilberto dos"
,"Santos, Renilda Maria dos"
,"Lira, Carlos Wagner de"
,"Nascimento Filho, Antonival Lopes do"
,"Santos, Carlos Henrique Evangelista "
,"Silva, Marcelo José da"
,"Santos, Camila Soares "
,"Silva, Kelly Cristiny da "
,"Santos, Paulo Vitor Lima"
,"Melo, Sária Vieira de"
,"Almeida, Denise Nunes de"
,"Lima, Rejane Nunes"
,"Almeida, Monise Nunes de"
,"Silva, Clewerton dos Santos "
,"Lima, Maria Gleyciany Ferreira de Mendonça"
,"Silva, Otávio Araújo da"
,"Oliveira, Fabiana Nascimento de"
,"Silva, Jaciel Guilherme da "
,"Silva, José Jakson de Lima"
,"Santos, Ângela Ferreira dos"
,"Souza, Andressa Layane Vasconcelos de "
,"Silva, Edivan Rodrigues "
,"Félix, Julyanny Emanuelly Ferreira"
,"Griep Júnior, Dirceu Neutzling"
,"Barbosa, Hirlene dos Santos"
,"Farias, Neuza Pereira de"
,"Santos, Sara Américo Gama dos"
,"Martins, Gleica Maria Correia"
,"Silva, Ana Cristina Maria da "
,"Santos, Diego Johnatan Pascoal dos "
,"Silva, Rafaela Karla de Almeida"
,"Souza, Remy Farias de "
,"Salgueiro, Luana Alves"
,"Menezes, Adielma Maria de"
,"Costa, Lucas Souza"
,Gomes Maria Priscila dos Santos
,"Santos, Amanda Lira dos"
,"Gama, Elton Júnior Siqueira"
,"Silva, Edilson José da"
,"Costa, Ana Paula Teixeira"
,"Pereira, Bergna Jessyka Mendes "
,"Barbosa, Thaysa de Magalhães"
,"Sena, Cícera Marcela de"
,"Brito, Adriana Ferreira de"
,"França, Rozana de Lima"
,"Santos, Cristiano Tenório dos "
,"Dules, Marcele Malaquias "
,"Vieira, Jadla Higino"
,"Silva, Luana Prissila Caetano"
,"Pereira, Rosimeire Lira"
,"Paulino, Aryane da Silva"
,"Silva, Wanderson Alves da "
,"Dantas, Penha Albertina Lima"
,"Rocha, Douglas Ferreira da"
,"Brandão, Fabiana da Silva"
,"Silva, Erika Camila Barbosa"
,"Farias, Juliana Souza de"
,"Costa, Jefferson Silva"
,"Beltrão, Elizabeth Maria Bispo"
,"Paz, Wellma Pecliya Silva da"
,"Albuquerque, Mirliany Marques de "
,"Santos, Leandro da Silva"
,"Lima, Ana Nathaly da"
,"Silva, José Apolônio dos Santos"
,"Alves, Élvis da Silva"
,"Silva, Dayane Mércia Ribeiro"
,"Santos, Hely Fernanda da Silva "
,"Silva, Sayonara Ferreira da"
,"Ferro, Janaína da Silva"
,"Santos, Rosanne Katyuse Mauricio"
,"Silva, Poliana Alves da"
,"Sousa, Vilson José Silva de"
,"Silva, Gleyce Iára de Oliveira"
,"Oliveira, Érica da Silva de"
,"Lúcio, Adriana Pereira"
,"Correia, Lislane Rose de melo"
,"Santos, José Daniel Oliveira dos"
,"Silva, Cleide de Lima da"
,"Santos, Cícera Lopes dos"
,"Silva, Marcileide Barros da"
,"Silva, Rayanne Rafaella da"
,"Santos, Lidiane dos"
,"Vasconcelos, Heber Macel Tenório"
,"Tavares, Ivana Maria Lima"
,"Ferreira, Carlos Alexandre"
,"Oliveira, Taciana Regina Silva"
,"Rolim, Thaís Andréia de Melo Barbosa"
,"Gomes Júnior, José de Souza"
,"Silva, Gabrielle Miranda da"
,"Silva Júnior, Josival Alves da "
,"Santos, Anderson Miranda dos"
,"Rocha, Lenilda de Oliveira Muniz"
,"Palmeira, Clécia Dias Alcantara "
,"Oliveira, Cleverton Barbosa de"
,"Bispo, Tamyres Silva"
,"Carneiro, Lucas Pereira"
,"Soares, Jessica Lane Cabral"
,"Silva, Felipe de Almeida"
,"Barbosa, Juliana Santos"
,"Santos, Juliana Barbosa dos"
,"Silveira, Danilo Veríssimo da"
,"Lima, Débora Vasconcelos"
,"Silva, Wilma Karlla Azarias Florêncio da"
,"Costa, Katryce Muniz Santos"
,"Lira, Rosenae dos Santos"
,"Santos, Juliana Lécia dos"
,"Bezerra, Dayana Rossy Moreira"
,"Santos, Romário Gomes"
,"Oliveira, Julianny Barbosa de "
,"Albuquerque, Káritta Aletuames de Lima Oliveira"
,"Silva, Thayse de Oliveira e "
,"Tenório, Lays Brandão"
,"Félix, Dislane Maria da Silva"
,"Silva, Amanda Vieira da"
,"Medeiros, Rafaela Cristina Cavalcante"
,"Costa, Angélika Louise Nascimento"
,"Lima, Karleany Mendonça de"
,"Rocha Júnior, José Claúdio"
,"Correia, Maria Jaqueline Ferreira Silva"
,"Santos, Thayllan Nilton Protásio dos"
,"Silva, Marta Pinheiro Leão da "
,"Silva, Valquíria Santos"
,"Silva, Michaelle Claudia da"
,"Cabral, Yasmin Macêdo"
,"Albuquerque, Tamires Soares de"
,"Araújo, Aline Karla Farias de"
,"Silva, Maria Edilma"
,"Melo, Alan Anderson Santana de "
,"Mendes, Roberta Drielle Silva"
,"Santos, Felipe Lima dos"
,"Dias, Edilma Silva"
,"Lins, Otoniel Cavalcante"
,"Silva, Narjara Costa"
,"Martins, José Everson Pereira "
,"Silva, Kledja Soares da"
,"Silva,Gilmar Albuquerque da"
,"Mendonça,Rafael Costa"
,"Vieira, Elíude da Rocha"
,"Araújo, Valdiceia de Farias"
,"Batista Júnior, Ambrosio"
,"Farias, Tamyris da Silva"
,"Silva, Taís da"
,"Barbosa, Viviane Silva"
,"Silva Neto, Benedito Braz da"
,"Souza, Ítalo Bruno dos Santos"
,"Santos, Djair Paulino dos"
,"Nunes, Hugo Padilha"
,"Ferreira, Dyego Ítallo Silva"
,"Melo, Gessilane Evanys"
,"Oliveira, Marcos Antonio Dantas de "
,"Silva, Jânio Clécio Santos"
,"Silva, Luciano Pontes da"
,"Santos, João Antonio Silva"
,"Araújo, Ewerton Souza de"
,"Palmeira, Maria Valéria Gomes"
,"Souza, Nahra Oliveira Balbino de"
,"Silva, José Henrique Lopes da"
,"Silva, Iury Rodrigues da"
,"Vilela Júnior, Antônio Rodrigues "
," Santos, Rafaella Falcão"
,"Santos, Silas Emanoel de Holanda "
,"Silva, Jarbiana Carla Soares "
,"Souza Neto, Pregentino Severino de"
,"Pereira, Julliane Bispo"
,"MOTA, Fernanda Maria Albuquerque"
,"SANTOS, Rosineide Daniel dos"
,"SANTOS, Edson Oliveira dos"
,"BARBOSA, Juliana dos Santos"
,"SILVA, Manuelle Nascimento da"
,"PACÍFICO, Mirelle Correia"
,"GONÇALVES, Luana Barbosa Fernandes"
,"SILVA, Lívia Maria da"
,"SILVA, Polyana Alves da"
,"SANTANA, Joelma Terto da Silva"
,"PIMENTEL, Doriane Cavalcante"
,"MARQUES, Elvira Micaelle de Mendonça"
,"SILVA, Jane Clécia Dantas da"
,"SILVA, Jaciele Guilherme  da"
,"OLIVEIRA, Camilla Mayara Santos"
,"MARTINS, David José de Castro"
,"LIMA, Isaura Viana de"
,"SILVA, Marisa Vieira"
,"SILVA, Simone Maria da"
,"VIEIRA, Izis Karoliny Ferreira"
,"SILVA, Alice de Sousa"
,"SANTOS, Manoel Messias Teles dos"
,"PEIXOTO, Ayala Farias"
,"ROCHA, Lucas Costa Neves"
,"Oliveira, Maiara Pinheiro"
,"SANTOS, Claudilene Maria dos; ALVES, Elizabeth Simões do Amaral"
,"ARAÚJO, Lailton Herbert Lobo"
,"Silva, James Miguel da"
,"SILVA, Telma Faustino da"
,"SANTOS, Maria Denilda dos"
,"Barbosa, Maise das Graças"
,"Bruno, Arthur Murilo da Silva Sousa"
,"Cardoso, Laryssa Tycyana Barbosa"
,"Faustino, Jerffissson Marisson Santos"
,"Almeida, Erika Oliveira de"
,"Lino, José Jadson dos Santos"
,"Santos, Robson Batista dos"
,"Silva, Vinicyus Igôa Fernandes da"
,"Pereira, Simone Moreira "
,"Cruz, Marta Caroline Silva da"
,"Peixoto, Tayse Santos; Santos, Ana Clara Estácio   "
,"Gusmão, Leôncio Marcos Fonseca de "
,"Machado, Marileide dos santos; Santos, Maria das Virgens Nunes dos"
,"Almeida, Marcos Feliph Alves de; Santos, Karlinne Laianne Cordeiro"
,"Ramos, Anderson Gonçalves."
,"Graça, Ándelli D’Mara Santos da "
,"Goes, Laura Cristina Belo; Silva, Laise Maria da  "
,"Lima, Elizabeth de Oliveira "
,"Silva, Thiago Jhonatha Fernandes"
,"Silva, Sandra de Souza"
,"Laurindo, Larissa Guimarães"
,"Silva, Josione Belarmino da "
,"Basílio, Lília Fernanda de Oliveira"
,"Santos, Lucas Roberto dos"
,"Leite, Elisângela Silva"
,"Andrade, Priscila Vieira de"
,"Mendonça, Henrique Pereira Freitas de "
,"Costa, Aline Santos"
,"Santos, Daniella de Souza"
,"Albuquerque, Alanna Michella Oliveira de"
,"Souza, Marlus Dilvo Melo"
,"Pereira, Bruno Michael da Silva "
,"Silva, Edilma dos Santos"
,"Silva, Rogério dos Santos"
,"Nascimento, Cristiane Xavier "
,"Silva, Márcia Firmino da"
,"Caetano, Tulio Felipe Ferreira"
,"Oliveira, Rubens Alves Marques de"
,"Santos, Wenne Kelly dos"
,"Costa, Tharantine Gonçalves Pereira"
,"Nascimento, Andreza Xavier do"
,"Oliveira, Leandro Pereira de"
,"Lima, Ana Karine de França"
,"Silva, Helena Gabriela Freitas"
,"Macêdo, Alayn Araújo de"
,"Costa, Janaína dos Santos"
,"Lima, José Carlos Ferreira "
,"Nascimento, Thálisson Lins do "
,"Nascimento, Marcos André Avelino do"
,"Silva, Wclécia dos Santos"
,"Lima, Kelton Félix"
,"Canuto, Edja Pereira"
,"Silva, Heverton Gonçalves da"
,"Santos, Edson dos"
,"Silva, Amanda Paulina Bezerra da "
,"Silva, Rosimary Gomes da"
,"Estevam, Stella Reginna Teixeira "
,"Silva, Rosany Mary da"
,"Santos, Janaina de Omena dos"
,"Ferreira, Diogo Augusto"
,"Oliveira, Victor Fellipe Silva de "
,"Silva, Emerson Feliciano da"
,"Mélo, Douglas Alves de"
,"Vieira Júnior, Jenival"
,"Santos, Wesley Luis Nunes dos"
,"Sena, Thainnã Thatisuane Oliveira"
,"Cavalcante, Marta Rodrigues"
,"Honorato, Agda Isabele Gonçalves "
,"GUEDES, Haianne Silva"
,"TORRES, Enilda dos Santos"
,"BRANDÃO, Lucas Emanoel Lessa"
,"ROCHA, Tatyanna Campos Souza da"
,"ANDRADE, Itamara Costa"
,"Lisboa, Mayara Ferreira de Aragão"
,"Santos, Elenilda da Silva"
,"Menezes, Clemerson Oliveira da Silva"
,"Nunes, Suziane Shyrle de Lima"
,"Santos, Gilvan dos"
,"Santana, José Wemison Almeida"
,"Silva, Luís Eduardo Tenório"
,"Ayres, Pedro Augusto Almeida "
,"Santos, Genilson Sebastião dos "
,"Miranda, Micaely Graziely Alves"
,"Barros, Kallaran Cavalcante"
,"Sousa, Cristiane Araújo de"
,"Santos, Rafael Vieira dos"
,"Santos, Roberto Costa"
,"Santos, James Ferreira dos "
,"Ferreira, Jonas William Colatino "
,"Silva, Genivaldo Ferreira da"
,"SILVA, Mônica Castanha da"
,"Santos, Mayra Bruna de Farias"
,"Calasans, Ana Caroline Gomes"
,"LIRA, Moniza Amaral Fausto"
,"Belo, Flaviane Maria Pereira"
,"Silva, Claudiane Araújo da Silva"
,"Rodrigues, Thamires Monique de Souza"
,"Duarte, Jéssica Barros"
,"SILVA, Maria Cícera Bezerra da "
,"DUARTE, Ana Elizabete Batista"
,"LIMA, Erika Cavalcante"
,"Santos Júnior, José Roberto Gonzaga dos"
,"Barbosa, Maria Francilânia Fontes"
,"Ferro, Jones Santos"
,"Cavalcante, Pollyane Omena "
,"Santos, Ariana dos"
,"Silva, Genilton Félix da"
,"Neves, Izabel Maria das"
,"Dionísio, Luiz Marcos Bezerra"
,"Silva, José Leandro Ferreira da"
,"Silva, Maxsuel Santos"
,"Silva, Layse de França"
,"Amaral, Aparecida Oliveira do"
,"Costa, Kelly Cristiany Rodrigues França"
,"Oliveira, Kelline Ferreira de"
,"Silva, Fabiana Carneiro e"
,"Silva, Samayk Henrique Ferro da"
,"Silva, Emily Araujo"
,"Melo, Vanessa Barbosa de"
,"Santana, Gilson de Oliveira"
,"Santos, Leandro Cristovão dos"
,"Santos, Rejane Márcia dos"
,"Melo, Lizianne Houly de Almeida"
,"Silva, Wyslan Dias da"
,"Ferro, Ewerthon Gomes"
,"Santos, Rony Peterson Silva"
,"Leão, Izabela Silva Pereira"
,"Lima, Jamyson Lúcio de"
,"Ferreira, Leandro de Araújo"
,"Costa, Renato Nunes"
,"Santos, Wilton da Silva"
,"Silva, Carlos Humberto da "
,"Santos Júnior, José Marcelino dos"
,"Oliveira Júnior, Jorge Belém"
,"Silva, Adriely de Assis"
,"Farias, Mayara de"
,"Silva, César Pereira da"
,"Limeira, Keylla Christianne da Silva"
,"Santos, Aline Mabel dos"
,"Tavares Júnior, José Carlos"
,"Santos, Sonia Cristina dos"
,"Brandão, Willames Lopes "
,"Alves Neto, Manoel Raimundo"
,"Souza, Fabrício Gomes de"
,"Silva, Daysiane Ferreira da"
,"Pinto, Michelle da Silva"
,"Bento, Emylyanne Santos"
,"Silva, Christian de Andrade"
,"Jesus, Jane Clécia Ferreira de"
,"Silva, Merieli Araújo do Carmo"
,"Melo, Géssica Pereira dos Santos"
,"Costa, Carlos Eduardo "
,"Santos, Douglas Henrique Bezerra"
,"Souza, Fabiane Ferreira de"
,"Silva, Adryelle Holanda "
,"Bezerra, Rafaella Barbosa"
,"Silva, Simone da "
,"Nascimento, Thalita Lins do"
,"Araújo, Luís Henrique Silva de"
,"Zacarias, Allen Bruno Soares "
,"Costa, Katiane Duarte"
,"Lima, Bráulio Patrick da Silva"
,"SILVA, Maria Aparecida da"
,"Sousa, Hebert Bomfim"
,"Araújo, Maria Francyelle Calixto de"
,"MELO, Everson dos Santos"
,"SILVA, Pierra Beatriz Cavalcante"
,"RODRIGUES, Jéssica Amanda Morais"
,"SANTOS, Alysson Cavalcante dos"
,"VALE, Rayane Oliveira do"
,"MACHADO, Dávilla Thâmara"
,"OLIVEIRA, Juliana Barros de"
,"FARIAS, Jalon Nunes de"
,"SILVA, Adeilson Vital da"
,"TENÓRIO, Klesiana Barros"
,"MELO, Samya Pereira"
,"Pessoa, Carla Caroline Felício "
,"SILVA, Grayce Kelly Bruno da"
,"Barbosa, Suzanne Nunes"
,"Lima, Franciane dos Santos"
,"AMBRÓZIO, Ewellyn Rose Alves"
,"Santos, Crislaine Eules"
,"ARAÚJO, Jamylly Oliveira de"
,"Santos, Wilson Josias dos"
,"Lima, Lycia Maria Vasconcelos"
,"CARNAÚBA, Camyla Ferreira"
,"GOMES, Mayze Fernilly Silva"
,"Silva, Mariana Brito"
,"Araújo, Luiz Carlos de"
,"Silva, Márcio Alves da"
,"Santos, Célia Silva dos"
,"Silva, Laís Flávia Duarte e"
,"Silva, Priscylla Maria Ferreira da"
,"Rodrigues Júnior, Marcelo Teixeira"
,"Rocha, Douglas Melo da "
,"Anjos Júnior, José Carlos dos"
,"Farias, Marcela Barbosa de"
,"Silva, Olivia Gabrielly Laranjeira"
,"Nascimento, Layse Mayane Silva"
,"Barros, Daniely de Melo"
,"Ferro, Daniel dos Santos"
,"Costa, Lucas Claudino"
,"Estevam, Layse da Silva"
,"Santos, Edilene Bezerra"
,"Vital, Mirella Shayanne Barbosa"
,"Ferraz, Simone Vieira"
,"Silva, Juliana Ferreira da"
,"Santos, Jania Claudia Camilo dos "
,"Farias, Sara Padilha"
,"Lima, Luís Fernando Pereira"
,"Silva, Paulo Ferreira da "
,"Macêdo, Neandro Ferreira de"
,"Silva, Maria Quitéria Correia da"
,"Ferreira, Edvânia da Silva"
,"Santos, Maria Geilza dos"
,"Silva Júnior, José Nilson da "
,"Barbosa, Ruddy Silva"
,"Silva, Rafael Antônio da"
,"Araujo, Thaysa Mariana de Oliveira"
,"Miranda, Rafaela Cíntia da Silva "
,"Silva, Jéssica Naiana"
,"Silva, Antonio Carilo Cardoso da "
,"OLIVEIRA, Mariana Barbosa de"
,"Barbosa, José Carlos Silva"
,"Silva, Rogério Dantas"
,"Santos, Ezequias Soares dos"
,"Silva, Laerte Alves da "
,"Almeida, Susamara dos Santos"
,"Carvalho, Thaís Maria da Silva"
,"Santos, Tiago Rendley Vieira dos"
,"Oliveira, Paulo Alberto Leite"
,"Bezerra, Elton Andrade"
,"Menezes, Suzy Kamylla de Oliveira"
,"Melo, Rosália Maria Teixeira de "
,"Souza, Gracielly Maria da Silva"
,"Ramalho, Natália Carlos"
,"Oliveira, Andreza Palmeira"
,"Santos, Mayra Taís Albuquerque"
,"Santos, Paula Thaíse Rocha"
,"Oliveira, Caio Vitor Amorim"
,"Santos, Maria José dos"
,"DUARTE, Karina Lima"
,"SILVA, Marizete Correia da"
,"LIMA, Kelvia Rouse dos Santos"
,"SILVA, Viviane Alves da"
,"SILVA, Meire Suzi Pereira da"
,"SANTOS, Taiane Creuza Queiroz"
,"LIMA, Francisca Gomes"
,"SANTANA, Vanessa Kelly Brandão Silva"
,"Costa, Alerson Márcio Lisboa"
,"FERRO, Maria da Conceição de Jesus"
,"Silva, Ricardo Bruno Alves da"
,"Martins, Daniel Diniz"
,"Ferreira, Simone de Cássia da Silva"
,"Lima, Mônica Rejane de França"
,"Cedrim, José Roberto Barbosa Ramos"
,"Farias, Karol Fireman de "
,"Tenório, Aryanna Querino "
,"Silva, Wanderson Bruno Magalhães"
,"Martins, Gleica Maria Correia "
,"Silva, Cintia Caroline da "
,"Santos, Max Dellys Soares "
,"Duarte, Lailton Gomes"
,"FERREIRA, Anna Maria Santos"
,"FERREIRA, Sanderli da Silva"
,"Bomfim Júnior, José Martins do"
,"Marinho, Lucilene Tôrres"
,"Vitorino, Natiele Vanessa"
,"Santos, Giselle Moreira"
,"Rocha, Raniérik Queiroz Almeida"
,"Silva Neta, Marlene Almeida da "
,"Sousa, Delba Helena Rocha de "
,"Lima, Lívia Karlla Alves"
,"Rocha, Élen Marques "
,"Silva, Thiago Gilney Ferreira"
,"Pereira, José Ronaldo"
,"SILVA, Simone"
,"Queiroz Filho, Marco Antônio Albuquerque"
,"Silva, José Claúdio dos Santos"
,"Lima, Robson Silva de"
,"Santos, Jeane Maria Jesus dos"
,"Silva, Valquiria da"
,"Silva, André Almeida"
,"Silva, Tiago Emmanuel Praxedes"
,"Silva, Paulo Joséas Marques da"
,"Costa, Leonardo Correia"
,"BARBOSA, Rosimeire Correia"
,"Balbino, Erika Pollyany Ferreira"
,"Graça, Deliane Maria Santos da"
,"MACHADO, Lucivania Ferreira Santos"
,"Lucena, David Jones Ferreira de"
,"Ferreira, Dominyk O'Hanny Gomes"
,"Lima, Elias da Costa"
,"Alves, Nathália de Meneses"
,"Silva, Aparecida de Souza da"
,"Oliveira, Lady Dayana Soares"
,"Prochazka, Felipe"
,"Oliveira, Helder May Nunes da Silva"
,"SILVA, Dênia Tainan Almeida"
,"Santos, Graciene Vieira dos"
,"Barbosa, Talvane Gomes"
,"Lima, Milka Pereira"
,"Silva, Janclebson Soares "
,"Lima, Paulo Augusto Vasconcelos"
,"Silva, Adilson de Oliveira"
,"Figueiredo, Thalita Nayane de Siqueira"
,"Abade, Erik Asley Ferreira"
,"Idalino, Rosane Karine Tavares"
,"Menezes, Noémi Santos de"
,"Guimarães, Marta Rejane"
,"Santos, Maria Renise Oliveira dos"
,"Silva, Abraão Santos"
,"Sabino, Sabrina Rodrigues"
,"Silva, Rosineide Nascimento da "
,"Figueiredo, Lúcia Gabriely Teixeira de"
,"Barbosa, Eduardo Bernardo"
,"Silva, Marcos Henrique Ramos da"
,"Slva, Myra Roberta Nunes e"
,"Silva, Priscila Salustiano da"
,"Ferreira, Cíntia Priscila da Silva"
,"Farias, Hugo Marcel Silva"
,"França, Mery Lany Barbosa de"
,"Silva, Elitânia Araújo da"
,"Silva, Lucélia Maria da "
,"Almeida, Alda Graciele Cláudio dos Santos"
,"Alves, Nayara de Meneses"
,"Silva, Elaine Ferreira da"
,"Silva, Mayara Firmino"
,"Silva, Janimara Marques da "
,"Ribeiro Neto, Pedro Barbosa "
,"Santos, Ana Paula Ferreira dos"
,"Santos, Murilo de Oliveira"
,"Santos, Priscilla Rodrigues da Silva"
,"Alves, Íris daniele de Farias"
,"Alves, Josenilton Bispo"
,"Silva, Greicy Soares da"
,"Santos, Katiana dos"
,"Souza Neto, Pregentino Severino de"
,"LIMA, Cinthia Rafaelle Ferreira"
,"Gomes, Angélica Cesarina Ribeiro"
,"Barbosa, Vivianne Maria Padilha"
,"Silva, Juliana Peixoto"
,"Pereira, Jaime André Calumby "
,"Santos, José Aldo Rodrigues dos"
,"MOTA, Monique Lima"
,"Costa, Marcela Nunes"
,"Lima, Valéria Maria de Melo"
,"FEITOZA, Kiara Karoline Silva"
,"SANTOS, Luana Duvanete Ferreira dos"
,"SANTOS, Elaine Suane Santos de"
,"Duarte, Luany Viana"
,"LIMA, Núbia Grasiely de Oliveira"
,"Souza, Itamar dos Santos"
,"SANTOS, Maraísa Azevedo"
,"Silva, Adelson Julião da"
,"Silva, Patrícia Ferreira da"
,"Silva, Hugo Rafael da"
,"Bastos, Kátia Santos"
,"Costa, Elenize Silva"
,"Cavalcante, Rodolfo Carneiro"
,"Veras, Felipe Rios"
,"Ferreira Júnior, José Raniery"
,"Dias, Dário Soares"
,"Magalhães, Jonathas José de"
,"Santos, Jandir Cruz"
,"Silva, Thiago Monteiro"
,"Pinheiro, Mírian Paula Medeiros André"
,"Souza, Marislane Carvalho Paz de "
,"Cavalcante, Valéria Santos"
,"Santos, Daniella Pereira dos"
,"Barbosa, Josefa Tatiana Vieira"
,"Sales, Messias de Oliveira"
,"Silva, Walter Bernardino da"
,"Silva, Manfrinni Menezes"
,"Vilela, Andreia Barbosa"
,"Silva, Dennis Crystian"
,"Lima, Dayana Monique Rodrigues"
,"Feitosa, Diego Ribeiro"
,"Nascimento, Fauryane Farias"
,"Correia, Janiele Dias"
,"Silva, Aline Cristine Pereira e"
,"Feitoso, Janaina Alves"
,"SANTOS, Vânia Maria dos"
,"Silva, Camila Karla Santos da"
,"Nascimento, Fábio Nunes do"
,"Santos, Jouberte Maria L."
,"CRUZ, Maysa Carla de Souza"
,"Santos, Oséas Silva"
,"Silva, Randerson Cavalcante"
,"Nicácio, Karla Carolina da SIlva"
,"Duarte, Talles da Silva"
,"Santos, Mone Kely Vieira "
,"Lima, Malba Thaisa do Nascimento"
,"Mendonça, Adna da Silva de"
,"LIMA, marta Patrícia Vilela de"
,"Santos, Márcia Daniela dos"
,"Santos, Alzira Bezerra dos "
,"Silva, Tarcia Emanuella Oliveira"
,"SILVA, Mary Any Bezerra da"
,"TAVARES, Izamilda Bezerra"
,"Silva, Jonathan Santos"
,"Luiz Neto, Izabel"
,"DIAS, Luana Laiza Porto"
,"Tenório, Anderson Magalhães"
,"Barbosa, Diana Alves"
,"Duarte, mercia Elias"
,"Oliveira, Laíze Sandes de"
,"Silva, Fernanda Karlleane dos Santos"
,"Sousa, Renato Ferreira de"
,"CAVALCANTE, Jucileide Araújo"
,"Araújo, Benedito Carlos Libório Caires"
,"Barbosa, Luciano Celso Brandão Guerreiro"
,"Brandão, Alessaandra Gomes"
,"Moreira, Maria de Lourdes da Silva"
,"Galindo, Joaci"
,"Silva, Rosana Coutinho Freire"
,"Pereira, Flávia Pedrosa"
,"Belem, Adrana Marcia de Lima"
,"Araújo, Juliana Sheila"
,"Oliveira, Thaisa Francis César Sampaio de "
,"Lopes, Maria Gorete Rodrigues de Amorim"
,"Medeiros, Sandro Alves de "
,"Gomes, Marcos Antônio Silvestre"
,"Nunes, Antônio Ricardo Sampaio"
,"Costa, Israel Alexandria"
,"Oliveira, Marcos Antônio Dantas de "
,"Silva, Maria das Graças Cardoso"
,"Jesus, Jairo de"
,"Lapa, Marilene Oliveira"
,"Pastl Neto, Alois"
,"Campos, Altair de Almeida"
,"Mélo, Edinaldo Afonso Marques de "
,"Salgueiro, Marluce Alves de Almeida"
,"Santos, Adilson Jorge dos"
,"Silva, Maria da Conceição Melo"
,"Maurício, Cleydner Marques de Magalhães"
,"Silva, Adjardo Pereira da "
,"Pinto, Péricles Argôlo"
,"Silva, Severino Francisco da "
,"Lima, Lady Jane Farias de "
,"Bezerra, Gabriella Barbosa"
,"Santos, Luan Wamberg dos"
,"Cirilo, Thiago Ferreira"
,"Santos, Bruna Mariza da Silva"
,"SILVA, Izabella Barbosa da"
,"PEREIRA, Cinthia Emanuele Santos; MELO, Emanuelle Sandrine Oliveira"
,"Alves, Cleice Fátima Gonçalves"
,"Moura, Edilson Leite de"
,"Silva, Julianna Catonio da"
,"Silva, João Paulo Ferreira da"
,"lopes, Isabela Priscila Leal"
,"Fonseca, Dafne Rocha"
,"ROCHA, Mariana Pereira"
,"ROCHA, Glícia Kelly Melo da"
,"Silva, Iara Fernandes"
,"Silva, Késia Filadélfia Dionízio"
,"Silva, Ismaquias Farias da"
,"Silva, Leandro Santos e "
,"Rolim, Marlos Antônio Pinheiro"
,"Silva, Henrique Leandro da"
,"Silva, Rodolfo de Lira"
,"Carvalho, Acácia Bezerra de "
,"Santos, José Márcio da Silva"
,"Santos, Daniel Nascimento dos"
,"Albuquerque Neto, João Cardoso de"
,"Pinheiro, Ulysses Xavier"
,"Santos, Anderson dos"
,"Silva, Thaise Maria da"
,"Dias Junior, Emanuel Monteiro"
,"SANTOS, Isvânia Alves dos"
,"OLIVEIRA, Kellysson Bruno"
,"DANTAS, Sidiene dos Santos"
,"MESSIAS, Nayane Keilla"
,"SANTOS, Maria Daniela Teixeira da Silva"
,"COSTA, Érika Flávia Soares da"
,"FREITAS, Amanda Fabricia de"
,"SILVA, Jéssica Nayara da"
,"CRUZ, Tafnes Silva"
,"SILVA, Érika de Oliveira"
,"SILVA, Érika de Oliveira"
,"SILVA, Edna Maurício da"
,"BEZERRA, Flaviane de Oliveira"
,"VIEIRA, Sheyla Rafaelly dos Santos"
,"Leão, Kleane Miranda"
,"Silva, Klísia Layane Bastos"
,"Santos, Mayara Ferreira"
,"CANUTO, Alexsandro Santos"
,"MAGALHÃES, Jacqueline Lima"
,"MELO, Larissa de Oliveira"
,"Silva, Giclênio Cavalcante"
,"Santos, Josefa Wilia Ferreira"
,"Tavares, Klinger Nunes"
,"Silva, Larissa Vieira"
,"Ferreira, Raul Lima"
,"Acioli, Agizleangela Rilza Silva"
,"Almeida, Renilda de Oliveira"
,"Brito, Mariclécia Barbosa Dias"
,"Santos, Vanessa Emanuelle Pereira"
,"Santos, Josuelma Amancio dos"
,"Silva, Ana Cristina da"
,"Pereira, Kleber Duarte Lima"
,"Magalhães, Alysson Nogueira de"
,"Wanderley, Itamar Reis"
," Silva, Vinícius Santos da"
,"Silva, Alaine Gomes da"
,"Menezes, Sirleide Maria de"
,"Santos, Eliane Santana dos"
,"Moura, Ediene de Araújo"
,"Alcantara, Rosineide Silva de"
,"Paz, Sebastião Bruno de Melo"
,"Silva, Janiely Maria da"
,"Silva, Lindinês Coleta da"
,"Pinto, Glevson da Silva"
,"Souza, Andreza Alves de"
,"Lima, Dayane Farias"
,"Silva, Vanderléia dos Santos"
,"Silva, Renato Willy da"
,"Santos, Laini de Souza"
,"Silva, Marxwwell Rogério da"
,"Oliveira, Taffarel da Silva"
,"Magalhães, Marluce Santana de"
,"Silva, Paulo da"
,"Santos, Mayara Ferreira"
,"Silva, Klísia Layane Bastos"
,"Leão, Kleane Miranda"
,"Silva, Luana Priscila Marques da"
,"Costa, Ivânia Pereira"
,"Ramos, James dos Santos"
,"Santos, Maria luzia dos"
,"Silva, André Luiz Rodrigues da"
,"Silva, Jonathan Garcia"
,"Vieira, Arielle Mércia Melo"
,"Santos, Rafael lima Simplício"
,"Oliveira Neto, Pedro Bezerra de"
,"Barbosa, James Patrik Martins"
,"Rodrigues, Paulo Vítor da Silva"
,"Silva, Carla Marques da"
,"Barbosa, André Luiz Pereira"
,"Souza Neto, Monique"
,"Ribeiro, Luana da Silva"
,"Salgueiro, Beatriz Alves"
,"Ribeiro, Alberto Vieira"
,"Silva, Fabrícia Nunes da"
,"Rodrigues, Renilda Meireles"
,"Rodrigues, Lúcia dos Santos"
,"Silva, Ana Paula da"
,"Souza, Vanessa Beatriz de Melo"
,"Fonseca, Quitéria Beatriz da"
,"Cruz, Luzia Ferreira da"
,"Silva, Elma Alves da"
,"Silva, Janielle Gomes"
,"Lúcio, Ana Leticia Ferreira"
,"Silva, Herison Caetano da"
,"Farias, Branda Mylena Cavalcante"
,"Silva, Pedriane de Brito"
,"Lima, Brunna Maria Santos"
,"Silva, Ariana Pereira da"
,"Leão, Laís Gabriela Medeiros Barbosa"
,"Mendes, Karina Bomfim"
,"Santos, Thales Pereira dos"
,"Silva, Diogo Souza"
,"Barbosa, Anny Carolynne Bernardino da Silva"
,"Costa, Danilo Victor Barbosa da"
,"Ferreira, Renata Bastos Bispos"
,"Santos, Joyce Nunes dos"
,"Santos, Deisiane Pereira"
,"Costa, Emanuelle Moura"
,"Silva, Leiliane Maria da"
,"Silva, Elias de Melo"
,"Morais, Wianey Lima de"
,"Vieira, Juliana Ferreira"
,"Tavares, Vanessa"
,"Petuba, Audenir Nunes"
,"SILVA, Karlla Valéria da"
,"ALMEIDA, Paula Priscila Silva"
,"FARIAS, Kezya Mirella de"
,"PEREIRA, Arielly Soares"
,"BARBOSA, Luzianny Kallynny Silva"
,"BARBOSA, Priscila Vieira"
,"LIMA, Jaqueline da Silva"
,"Silva, Maria Rosilane Santos da "
,"Calazans, Elíne Monteiro "
,"Santos, Rosane Lessa dos"
,"Reis, Jéssica dos Santos"
,"Santos Júnior, Mário Melo dos "
,"Cordeiro, Kaliana Pereira "
,"OLIVEIRA, Isley Estéfane Nunes da Silva"
,"SILVA, Amanda Vieira da"
,"Melo, Ialison Severo de Melo"
,"Silva, Cinara Bernardo da"
,"Silva, Douglas Marcos Farias"
,"Oliveira, Marlla Samyla Santos de "
,"Souza, Bruno Barbosa de"
,"Bezerra, Jane de Brito"
,"Sampaio, Vitor Michael Torres"
,"Amorim, Francilene da Silva"
,"Santos, Crislania dos"
,"Maciel, Chrisllaine Rodrigues"
,"Batista, Mailson Barboza"
,"SILVA, Juliana Correia da"
,"GOMES, Gleyce Santos"
,"Oliveira, Aline Barbosa."
,"Lima, Maria Elizabete Bastos"
,"Carvalho, Edja Silva Silvestre de"
,"Santos, Eliana Cavalcante"
,"Farias, Felipe Carvalho"
,"Silva, Telliane Santos Salgueiro "
,"Siqueira, Nayane Alves"
,"Maciel, Chrisllaine Rodrigues"
,"Silva, Josineide Maria da "
,"Farias, Franklin Pinheiro"
,"Oliveira, Brunno Henrique Barbosa "
,"Silva, Jamila Karen Alves da"
,"Silva, Emanuel Júnior Pereira da "
,"Souza, Maria Arleide de "
,"Vasconcelos, Dayany Barreto"
,"Balbino, Rafael dos Santos "
,"Silva, Cinara Bernardo da "
,"Figueiroa, Wanne Cleia Marques"
,"Barros, Monyke Kelly de Lima"
,"Melo, Emilly Araujo de"
,"Santos, Jairo Silva"
,"Santos, Aline Fernanda Pacheco"
,"Paiva, Pedro Vitor vieira de"
,"Santos, Juliana Targino dos"
,"Lima, Alline Karlla dos Reis Dantas"
,"Rodrigues, Rafaela Maysa"
,"Lessa, Alana Gomes da Silva"
,"Souza, Samara Bernardes de"
,"Lima, Thamyres Queiroz de"
,"Laurentino, Tamires Machado"
,"Feitosa, Ailton Moura"
,"Lima, Iara Bezerra"
,Silva.Larissa Fábia Duarte
,"Gomes, Danilo Miranda"
,"Santos, Raisa Tomé de Sousa"
,"Silva, Juliane Araújo da"
,"Monteiro, Amanda Julia"
,"Silva, Sandryelle Irys da"
,"Lira, Monyque Guedes Dantas"
,"Santos, Jeanderson Nunes dos"
,"Alves, Ótamis Ferreira"
,"Silva, Genielson Luiz da"
,"Pacheco, Mariana da Silva"
,"Farias, Iolanda dos Santos"
,"Teixeira, Josinete Estácio "
,"Santos, Anderson Silva"
,"Dantas, Cícera Daniela"
,"Silva, Jackson Lins da"
,"Carvalho, Ana Paula Flôres;  Nunes, Jony Peterson Valeriano "
,"Nascimento, Ana Paula Pontes; Tavares, Palomma Monique Gonçalves"
,"Rocha, Maria Rafaela de Oliveira; Santos, Julio Cesar "
,"Marinho, Liliane Silva ; Moreira, Alessandra Dos Santos"
,"Mendes, Ranyelle Silva; Silveira, Lucas da Silva "
,"Santos, Rayagle Xavier; Santos, Rosicleia Victor dos "
,"Silva, Jéssica de França   "
,"Silva, Lucas Primo da "
,"Peixoto, Tatiane Santos; Santo, Rosinéia Ferreira dos "
,"Silva, Anderson dos Santos   "
,"Nunes, Éder Ábne Cordeiro "
,"Lima, Igor Simões de Oliveira "
,"Santos, Ailton Ferreira dos"
,"SILVA, Williane dos Santos"
,"SANTOS, Simone Rio dos"
,"SANTOS, Jessika Mayara de Souza"
,"DUARTE, Raissa Henrique da Silva"
,"ANDRADE, Josefa Ferreira Nascimento de"
,"Silva, Wilson Araújo da"
,"Costa, Elias Basílio Fernandes"
,"Pereira, Marcos Heriberto Raimundo"
,"Oliveira, Kelysson Mikael Soares de "
,"Silva, Aline Jacinto da"
,"Silva, Gilmar Fernando da"
,"Silva, Talita Santos da "
,"Anjos, Maryklayne Araujo dos"
,"Oliveira, Issac Nunes"
,"Silva, Talita Santos da"
,"Silva, Merieli Araújo do Carmo"
,"Dias, Larissa Ribeiro"
,"Silva, Weverson Franques França da"
,"Mateus, Paulo Henrique Barbosa "
,"Santos, Jania Claudia Camilo dos"
,"Silva, Layane Mércia Ribeiro"
,"Kitaoka, Maiko Porciúncula"
,"Silva, Viviane Batista dos Santos"
,"Santos, José Daniel Oliveira dos"
,"Santos, Lucília de Araújo"
,"Paiva, Pedro Victor Vieira de "
,"Souza, Rafael Marques de "
,"Silva, Fernanda Luzia Ferreira da "
,"Damasceno, Makson Abreu "
,"Santos, Débora Thauane Ferreira dos "
,"Gonçalves, Thaysa Gabriela de Oliveira "
,"Sampaio, Clivia Ferreira "
,"Soares Neto, José Cícero"
,"Medeiros, Karla Cristiane Lúcio de"
,"Brito, Lucas Ferro"
,"Jesus, Eloisa Maria Fonseca de"
,"Silva, Edilma dos Santos"
,"Magalhães, Daysiane Lopes de Oliveira"
,"Oliveira, David Marques"
,"Santos, Edjames Alves"
,"Balbino, Eliane da Paz"
,"Silva, Helly Antonio Rodrigues da"
,"Brito, Luana Tamires Santos Farias"
,"Silva, Paulo César da"
,"Santos, Taciana Ferreira dos"
,"SOUZA, Edylla Damares Santos"
,"ALVES, Marilane Bispo"
,"FERREIRA, Jeniffer Rayane da Silva"
,"LESSA, Thayne de Oliveira"
,"GOES, Andressa Santos de"
,"MICENA NETA, Carlinda Cordeiro de"
,"SILVA, Gabrielly Criatiany da"
,"CUSTÓDIO, Laís Rafaely Lima"
,"DANTAS, Joelson Pinheiro"
,"SANTOS, Herilene Rute Braz dos"
,"SILVA, Luciana Monteiro da"
,"SILVA, Kathiusia Karlla Correia da"
,"LEÃO, Sharon Silva Pereira"
,"SILVA, Nataly Luana Gomes"
,"FREIRE, José Ataídes Costa"
,"LIMA, Camila Saturno de"
,"MOTA, Teresa Rianne de Sena"
,"SILVA, Liara Maria da"
,"ARAÚJO, Ana Paula Gomes de"
,"SILVA, Erasmo Moisés dos Santos"
,"SANTOS, Carla Vanessa Pereira"
,"TAVARES, Maria Célia"
,"FERRO, Maria Gilberlândia Ferreira"
,"MENDES, Yana Kellen Dioclécio"
,"LIMA, Tathiane Queiroz de"
,"FERRO, Eduardo Barbosa Nunes"
,"SILVA, Wyllyam Emanuell da"
,"SANTOS, Hellywladi Albuquerque"
,"SANTOS, Luana Santana Lima dos"
,"SILVA, Anny Jessyca Garcia"
,"Laurentino, Hermano Jorge dos Santos"
,"ROCHA, Júlia Gabriella da Silva"
,"SILVA, Lucivânia dos Santos"
,"SANTANA, Amanda Patricia Gomes"
,"Nascimento, Eloá de Fátima Lima do"
,"DANTAS, Ana Maria Araújo"
,"VITORIANO, Thiago Antônio Amaral"
,"SANTOS, Isaque Islas dos"
,"SILVA, Carlos Rafael Araújo da"
,"SILVA, Luan José Barbosa da"
,"SANTOS, Larisa Tacyanne Melo dos"
,"SOBRINHO, Graciele Lima"
,"PROCHAZKA, Marcos"
,"CAVALCANTE, Kellyane Omena"
,"SILVA, Jessica Morgana da"
,"PINHEIRO, Janiel Cavalcante; SILVA, Rodolfo Állisson da"
,"LIMA, Karen Nicoli Alves"
,"SILVA, Marcyana Muniz da"
,"VEIGA, Amanda Chayane de Oliveira"
,"CONCEIÇÃO, Marina Maria da"
,"SILVA, Nayara Júlia Barbosa Leite da; SILVA, Tamires Barbosa da"
,"SILVA, Miriam Emanuela Lopes"
,"SANTOS, Klívia Rafaela da Silva"
,"LIMA, Ana Paula Soares de"
,"Nascimento, Bruna Farias"
,"Lima, Elizângela Silva "
,"Araújo, Thaís Dayana Santos "
,"Silva, Wagner Ricardo da"
,"Rosybel, Josineide Soares"
,"Silva, Alice Teixeira da"
,"Silva, Luana Luzia da "
,"Santos, Geane Dionisio dos"
,"Lima, Larissa de Oliveira Gurgel Rebouças"
,"Ferreira, Monica dos Santos"
,"Santos, Maria de Lourdes Oliveira"
,"Silva, José Lucas Gaudêncio Vital da"
,"Lima, Iolanda Silva de"
,"Santos, Táyse dos"
,"Silva, Clarisse Maria da "
,"França, Ahron Sharllyton Cazuza de "
,"Santos, Taís Batista dos"
,"Correia, Allan Lucio"
,"Sena, Thierry José Oliveira"
,"Santos, Jane Arestides dos"
,"Silva, Thays Santos"
,"Silva, Mayara Pryscilla Santos"
,"Albuquerque, Suzanne Barros de "
,"Almeida, Caio César Araújo de"
,"Oliveira, Emanuela Melo de"
,"Amorim, Thiago de França"
,"Silva, Maria das Neves da"
,"Santos, Josivania da Paz"
,"Oliveira Filho, Diogenes Laertius Silva de "
,"Magalhães, Maria Marques dos Santos"
,"Farias Junior, Edson Rodrigues de"
,"Balbino, Alyne Márcia Carnaúba "
,"Lima, Ezequiel dos Santos Lopes"
,"Nunes, Anderson Nascimento"
,"Freitas, Heliaise Vitor de"
,"Jesus, Naiara Almeida de"
,"Teixeira, Maysa Carolinne Carvalho"
,"Abreu, Julyana Soares de "
,"Fernandes, Alice da Siva"
,"França, Jadiema Matias"
,"Santos, Iara Cordeiro dos Santos"
,"Silva, Daniel Gonzaga da "
,"Barros, Everane da Silva"
,"Ferreira, Maria Cláudia Santos"
,"Nascimento, Mariana Izabelly Souza"
,"Silva, Jonathan Lins da"
,"Silva, Maria Gleice dos Santos"
,"Freitas, Eloyse Santos"
,"Santos, Raul Correia"
,"Dias, Lauriane da Silva"
,"Oliveira Junior, José Arnóbio"
,"Santos, Danilo Vitor Sávio"
,"Melo, Rosielly Silva"
,"Santos, Maria Quitéria dos Santos"
,"Silva, Andresa Maria Bernardino"
,"Oliveira, Thaíse Araújo de "
,"Oliveira, Tamara Araújo de"
,"Albuquerque, Camila Gonçalves"
,"Braz, Aline Cavalcante"
,"Oliveira, Cleidijane Rodrigues"
,"Silva, Jadson de Souza"
,"Lima, Janderleia Batista de "
,"Silva, Daiane Possidonio da"
,"Santos, Jacielma Dantas dos"
,"Silva, Rony Ferreira"
,"Silva, Mikael Leão"
,"Silva, Lydiane Donato"
,"Oliveira, Vanessa Silva"
,"Barbosa, Eliane Midian."
,"Silva, José Alessandro."
,"Luz, Laura José."
,"Santos, Alaide Maria Silva."
,"Santos, Crislane Azarias"
,"Silva, Emylle Cristina Costa."
,"Santos, Robson José"
,"Santos, Gilza Neres de Carvalho."
,"Silva, José Gildo."
,"Silva, Andréa Rita dos Santos."
,"Costa Júnior, Fernando Vieira."
,"Silva, João Paulo Ferreira da"
,"SALGUEIRO, Eliny Nobre"
,"OLIVEIRA, Asley Axia Caetano"
,"Barros, Juliana dos Santos"
,"Costa, Ivânia Pereira"
,"Silva, Luana Priscila Marques da"
,"SANTOS, Eduarda Isis Vicente dos"
,"Silva, Gabriela Santana"
,"MESSIAS, Alan Teixeira Nicácio de"
,"SILVA, Jéssica Mayara da"
,"PINHEIRO, Ingrid Kelly Alves dos Santos"
,"Silva, Luana do Santos"
,"Lima, Fátima Ferreira"
,"CAVALCANTE, Tamara Firmino"
,"SOUZA, Maria Margarete Serqueira"
,"MENEZES, Juliana Marie Santos"
,"RIOS, Roger Diego Melo"
,"ALBUQUERQUE, Ana Carla Rodrigues de"
,"MAGALHÃES, Thayse Barbosa Sousa"
,"ANJOS, Veronica Malaquias dos"
,"ABARROS, Lucivan Alexandrino de"
,"FREITAS JUNIOR, Antonio Fernandes de"
,"SILVA, Andressa de Morais"
,"SANTOS, Jaquielle Domingos dos"
,"SILVA, Renilda Pinheiro da"
,"MELLO, Nathalia Hanna da Silva"
,"Lima, Renata Karlly Neves"
,"Silva, Allan Carlos Bezerra"
,"Silva, Andréa Oliveira"
,"Nunes, Deysiane Pereira"
," Pinheiro, Micheli Ferreira; Santos, Márcia Maria Freire dos"
,"Santos Júnior, Adelmo Manoel dos"
,"Santos, Geilza Carvalho dos"
,"MENEZES, Jéssica Silva de"
,"Magalhães, Érica Mayra Araujo"
,"Santos, Lucimar Viturino dos"
,"Silva, Luiz Antonio Barbosa"
,"Galdino, Julio Cesar"
,"Miranda, Luciana Teixeira"
,"MOURA, Claudineide da Conceição"
,"Barbosa, Suzanne Nunes"
,"Silva, Luiz Reginaldo"
,"NEMÉSIO, Jéssica Sinara de Freitas; FERREIRA, João Pessanha"
,"RAMALHO, Rafael Augusto Leão"
,"Santos, kawanny Ferreira Santos"
,"BASTOS, Kátia Santos"
,"OLIVEIRA, Cleide Ferreira dos Santos"
,"SILVA, Karine Rodrigues da"
,"Cavalcante, Jônatas Ferro"
,"SILVA, Lewilson Fernandes da"
,"Nepomuceno, Robson Mártyres"
,"SILVA, Macielma Souza da"
,"Lima, Ivonaldo Pereira de "
,"ALVES, Rosilâine Marta"
,"GLUK, Rodrigo Fernandes Moreira"
,"Honorato, Agda Isabele Gonsalves Honorato"
,"Oliveira,Thaís Gomes de "
,"SILVA, Isabel Cristina Gomes da"
,"SILVA, Cybele Cavalcante da"
,"CARVALHO, Alice Santos de"
,"Nascimento, Adriana Silva"
,"Bezerra, Alisson Rafael da Silva "
,"Lima, Luana Patricia Carvalho De; Rocha, Stephanne Rosy Ávila  "
,"Rodrigues, Ítala D´Paula Batista "
,"SILVA, Angélica Maria da"
,"Oliveira, Dayane Barbosa de"
,"FERREIA, Lucicleide Cavalcante"
,"SILVA, Aparecida de Souza da"
,"VIEIRA, Renato Araújo"
,"Barbosa, Walysson Vital"
,"OLIVEIRA, Silmara Silva de"
,"SILVA, Cecinianna Cézar"
,"SILVA, Camila Karine Costa e"
,"Almeida, Nadir Marques Mauricio"
,"LEITE, Mércia Aniara de Farias"
,"Santos, Willen Alves dos"
,"COSTA, Jackson Rodrigues"
,"GRAÇA, Luciana Medeiros da"
,"Santos, Magda Christyna de Souza"
,"ROCHA, Nayara Leilane André Gomes"
,"Farias, Bruno dos Santos"
,"SILVA, Islândia Jordania da"
,"Lira, Deliane Silva de"
,"FERREIRA, Tiago dos Santos"
,"silva, Edson da"
,"MONTEIRO, Fernanda de Lima"
,"Rodrigues, Marlane Alcântara Ramos"
,"SILVA, Kelly Christyane Oliveira"
,"BELEM, Ângela Maria Ferreira"
,"SILVA, Aryana Karlla Menezes da"
,"SANTOS, Joelma Trajano dos"
,"SANTOS, Sthefanne Kelly Bispo"
,"BARROS, Polyana Lima"
,"SILVA, Thaiana Galdino da"
,"OLIVEIRA, Maria Solange Silva"
,"CATUM, Leidiana Maria dos Santos"
,"LIMA, Roberta Barbosa Costa"
,"SILVA, Maria Dayanne Mayara da"
,"SANTOS, Edjelma Pereira Costa dos"
,"SILVA, Karla Thiala Melo"
,"SANTOS, Angéssica Ferreira dos"
,"LIRA, Gleyssielle Gomes de"
,"SANTOS, Aline Carla dos"
,"FERRO, Larissa Ferreira"
,"SANTOS, Lianderson Barbosa dos"
,"Novais, Wendel Resende Ramos"
,"Alves, Franscolândio dos Santos "
,"FERREIRA, Marianny Mayara Melo"
,"SILVA, Vanderlúcia Vieira da"
,"CONCEIÇÃO, Patrícia Maria da"
,"SILVA, Mayara Lustosa"
,"SANTOS, Amanda Farias dos"
,"VILARINS, Marta Silva Marques"
,"COSTA, Samara Maria dos Santos"
,"GOIS, Meire Suzane Tertuliano de"
,"SILVA, Thiago de Oliveira"
,"SILVA, Andreza Freire da"
,"RODRIGUES, Lívia Maria Cavalcante"
,"SILVA, Rozania Balbino de Oliveira"
,"SILVA, Marcela Braz da"
,"SALÚ, Jessicleide da Silva"
,"SOARES, José Carlos Teles"
,"MEDEIROS, Lúcia Caroline Fonsêca"
,"SILVA, Ytamara Lima da"
,"SIQUEIRA, Deyse Jane Monteiro Bezerra de"
,"SILVA, Kelly Gomes da"
,"BARBOSA, Elane Ribeiro"
,"RODRIGUES, Michele Silva"
,"COSTA, Daysiane Carla da Silva"
,"OLIVEIRA, Patrícia Lívia Azarias de"
,"SANTOS, Ivaneide Marques dos"
,"MARTINS, Jeane Mayara"
,"ALVES, Gislenny"
,"GOES, Janayna Ernesto Pereira"
,"LIMA, Larissa Cordeiro"
,"OLIVEIRA, Ana Gabryella Barbosa"
,"SANTOS, Queline de Souza"
,"Silva, Valquiria da"
,"Gusmão, José Lucas de Omena; Silva, Janine Nascimento da; Silva, Thamires Soares da"
,"DUARTE, Kamilla Alves"
,"COSTA, Dalvan da Silva"
,"SILVA, Liliane Maria da"
,"OLIVEIRA, Teresa Carine Nunes de"
,"FARIAS, Rafaela Bezerra de"
,"SANTOS, Jéssica Ferreira dos"
,"FARIAS, Vanessa Soares de Albuquerque"
,"Silva, Dianesson de Farias"
,"Neves, Marilha dos Anjos"
,"Cardoso, Josimário; Dantas, Camila Salgueiro"
,"LIMA, Débora de Almeida"
,"DULES, Thayse Maria Ferreira"
,"Brito, Franciele Alves"
,"SILVA, Beatriz Caetano da"
,"NICÁCIO, Karla Carolina da Silva"
,"LIRA, Edilane da Silva de"
,"SILVA, Wedja Nogueira da"
,"SILVA, Rita de Cássia de Oliveira"
,"AFONSO, Claudia Petuba"
,"LEMOS, Katianne da Hora Moreira"
,"SILVA, Josilene Maria Ramos da"
,"santos, Ágata de Almeida"
,"NASCIMENTO, Vanessa Raquel Correia do"
,"QUEIROZ, Nathany Cavalcante Alves de "
,"BARBOSA FILHO, Tadeu Targino"
,"SILVA, Anderson Rafael da"
,"SILVA, Maria da Glória Lucena da"
,"SANTOS, LaysaAlvelino dos"
,"OLIVEIRA, Samara Silva de"
,"SANTOS, Williany Stefanny Lúcio"
,"GUIMARÃES, Josefa Valdenice Barboza"
,"SILVA, Thaís Tavares da"
,"SANTOS, Ádria Farias dos"
,"SANTOS, Thais Daniele dos"
,"SILVA, Mirilane Oliveira"
,"SILVA, Amanda Santos da"
,"TENÓRIO, Isis Brandão"
,"ALENCAR, Lidiane Freitas Quintela de"
,"CUNHA, Taise Michelle Dantas"
,"Costa, Gleidiane Pereira"
,"SILVA, Uzenir Emidio da"
,"MARTINS, Flávia Amélia Alves"
,"SILVA, Maria Camila Correia dos Reis"
,"CARVALHO, Anahi Bezerra de"
,"SILVA, Vanderli Melo da"
,"Oliveira, Simone Maria"
,"SOUSA, Itala Pereira de Araújo"
,"CAVALCANTI, Luiz Fábio de Siqueira"
,"LIMA, Camila Vasconcelos Carnaúba"
,"silva, Emanuella da Rocha"
,"LIMA, Lívia Marcolina Ferreira"
,"PEREIRA, Cristiano Miguel Pontes"
,"BEZERRA, Eliane Cicera"
,"SANTOS, Jucilene Antero da Rocha"
,"Barreto, Lilian Santos"
,"SANTOS, Amilly Silva"
,"SABINO, Lisiane Ferreira"
,"SANTOS, Magna Barbosa Ramalho dos"
,"OLIVEIRA, Maria Ribeiro de"
,"SANTOS, Laura Priscila Almeida"
,"Santos, Petra Schnneider Lima dos "
,"OLIVEIRA, Flávio Cézar de"
,"QUEIROZ, Kênia Lamenha de"
,"FARIAS, Maria Minervino da Costa"
,"Oliveira, Josicleide Feitosa de"
,"LIMA, Thâmara Farlene Rocha de"
,"SILVA FILHO, José Furtuoso da"
,"RODRIGUES, Ariany Viana Santos"
,"FERREIRA, Silvéria Nascimento"
,"LEITE, Madson Márcio de Farias"
,"ARAÚJO, Nathália da Silva"
,"MELO, Lívia Larissa Santos"
,"SILVA, Wagda da Costa"
,"SALES, Larissa Mariane de Araújo"
,"AZEVÊDO, Lidiany Bezerra Silva de"
,"LEÃO, Ricardo de Holanda"
,"FARIAS, Felipe Leonardo Barros"
,"MELO, Maria Augusta Cavalcante Tavares"
,"Albuquerque Filho, José Antônio de"
,"SILVA, Jane Costa"
,"SANTOS, Mariana Karla Barbosa dos"
,"SANTOS, Amanda Farias dos"
,"MELO, Rosa Maria Maia Alves de"
,lidenês Coleta da Silva
